manufacturer,year,cpu_brand,cpu_tier,cores,base_clock,boost_clock,cpu_score,gpu_type,gpu_score,ram_gb,ram_speed_mhz,storage_type,storage_gb,storage_speed_mb_s,display_in,resolution,weight_kg,battery_mah,tdp_watt,price_usd,performance_score
Acer,2020,Intel,mid,6,2.65,3.61,100,NVIDIA RTX,1235,16,2666,SATA SSD,1024,565.460535224333,15.0,3840x2160,1.57,6000,65,250,570.9
Lenovo,2023,Intel,mid,6,2.69,3.49,100,AMD Radeon,793,16,3000,SATA SSD,256,453.4134680953407,19.4,1920x1080,2.29,4500,57,250,323.4
Asus,2025,Intel,mid,6,2.71,3.4,100,NVIDIA GTX,545,8,3600,NVMe SSD,2048,3284.1119792661384,17.3,1920x1080,1.86,3500,57,250,243.0
Acer,2025,AMD,low,4,2.36,2.91,100,NVIDIA RTX,1632,8,3000,SATA SSD,512,461.59175108143614,14.8,1920x1080,1.58,3500,34,250,634.3
MSI,2017,AMD,mid,6,2.8,3.42,100,NVIDIA GTX,357,16,2133,SATA SSD,256,527.3411856372023,14.6,1366x768,1.9,4500,67,250,137.1
Lenovo,2022,AMD,mid,4,3.27,4.24,100,Integrated,67,16,2400,NVMe SSD,512,2341.3177452844593,14.3,1920x1080,1.79,6000,36,250,140.5
Dell,2021,Apple,mid,6,2.76,3.48,100,Integrated,90,16,3200,SATA SSD,256,556.1579195204865,15.1,1920x1080,1.94,6000,42,250,146.1
Apple,2018,AMD,low,4,2.16,2.81,100,Integrated,48,8,2666,SATA SSD,256,488.1008628476683,16.5,1920x1080,1.83,4500,4,250,22.5
HP,2021,Apple,low,4,2.17,2.55,100,Integrated,64,8,2400,NVMe SSD,1024,3860.146470582963,16.0,1920x1080,2.05,3500,22,250,101.7
Asus,2024,AMD,high,8,2.99,3.75,100,NVIDIA RTX,1659,16,2666,SATA SSD,1024,425.2457319778179,14.9,1920x1080,2.33,6000,86,250,592.2
Lenovo,2019,AMD,high,8,3.05,4.59,122,AMD Radeon,410,16,3200,NVMe SSD,128,3594.394145038795,15.9,1920x1080,1.8,4500,73,250,174.1
Razer,2018,Apple,high,16,2.56,3.24,111,AMD Radeon,302,32,3600,NVMe SSD,512,2738.4056249170435,15.2,1920x1080,1.8,4500,78,250,205.6
Acer,2021,AMD,mid,8,2.82,3.72,100,NVIDIA GTX,632,16,3600,NVMe SSD,512,2351.1956312626985,14.8,1920x1080,2.09,3500,63,250,279.7
MSI,2024,AMD,low,4,2.69,3.32,100,Integrated,63,8,3200,NVMe SSD,256,4098.471887774383,15.8,2560x1440,1.56,3500,10,250,98.8
Dell,2018,Intel,low,4,2.19,2.67,100,Integrated,122,4,3600,NVMe SSD,128,3300.0835041914734,14.0,2560x1440,1.56,8000,11,250,44.8
Razer,2021,AMD,mid,8,2.68,3.5,100,Integrated,74,8,2666,NVMe SSD,256,2037.783613330691,16.0,1920x1080,2.31,6000,37,250,56.1
Razer,2022,AMD,high,6,3.05,4.27,100,Integrated,20,16,3200,SATA SSD,512,491.5769762887182,15.1,1920x1080,1.67,4500,36,250,52.1
Lenovo,2022,Intel,mid,8,3.06,3.84,100,NVIDIA RTX,1478,8,3200,NVMe SSD,1024,3331.2027522401727,15.3,1920x1080,1.99,6000,67,250,566.4
Asus,2017,Apple,low,4,2.55,3.02,100,Integrated,20,8,2666,NVMe SSD,256,2465.8344601310437,16.7,3840x2160,2.0,3500,11,250,60.9
Apple,2018,AMD,low,4,2.06,2.34,100,NVIDIA RTX,1283,4,2133,HDD,512,86.57117878520503,15.7,1920x1080,1.6,6000,43,250,543.5
Asus,2024,Intel,low,4,2.56,2.98,100,Integrated,124,4,2400,NVMe SSD,512,2345.521704006551,15.0,3840x2160,1.9,3500,10,250,82.2
Acer,2020,Intel,high,8,2.93,4.01,108,Integrated,50,32,3200,SATA SSD,2048,508.65538110015166,13.4,1920x1080,1.83,3500,41,250,111.8
Asus,2022,Intel,mid,6,2.81,3.67,100,Integrated,90,8,3200,SATA SSD,256,434.3158969610605,16.6,1920x1080,1.95,4500,19,250,83.8
Lenovo,2018,AMD,high,8,2.79,3.61,109,Integrated,20,32,3000,NVMe SSD,256,2803.7502017183815,15.2,1920x1080,2.24,8000,38,250,47.4
Asus,2020,AMD,mid,6,2.55,3.48,100,NVIDIA GTX,352,16,2133,NVMe SSD,128,2003.3548297507023,15.0,1920x1080,1.86,8000,53,250,182.1
Dell,2021,Intel,mid,6,2.83,3.66,100,Integrated,85,8,2666,NVMe SSD,512,3710.8280996697285,17.7,1920x1080,2.33,3500,33,250,110.1
Lenovo,2019,AMD,high,8,3.12,4.21,100,NVIDIA GTX,357,32,3000,NVMe SSD,512,3792.5677972945823,14.7,2560x1440,1.91,6000,89,250,219.2
Dell,2021,AMD,mid,4,2.83,3.66,100,NVIDIA RTX,1207,16,2666,SATA SSD,512,460.2697649772652,15.9,1920x1080,2.44,8000,63,320,475.9
Lenovo,2025,Intel,low,2,2.53,2.99,100,NVIDIA GTX,760,8,3200,NVMe SSD,512,3877.6680295213414,17.5,2560x1440,2.58,4500,48,250,304.8
Dell,2025,AMD,low,4,2.31,2.92,100,NVIDIA RTX,1591,4,3000,SATA SSD,1024,521.6664048945437,16.3,1920x1080,1.98,6000,56,250,617.6
HP,2020,AMD,mid,6,2.66,3.22,100,Integrated,105,8,3000,SATA SSD,1024,537.4858492302606,15.2,2560x1440,1.88,6000,33,250,79.3
Razer,2025,Intel,mid,4,2.69,3.19,100,Integrated,169,8,3600,SATA SSD,256,553.8650638739792,14.1,1920x1080,1.73,8000,21,250,108.2
Acer,2019,AMD,low,2,2.33,2.81,100,Integrated,64,8,4266,HDD,256,102.82651518018918,14.4,2560x1440,1.72,8000,23,250,95.2
Dell,2023,Intel,low,2,2.01,2.32,100,NVIDIA GTX,676,8,3000,SATA SSD,512,485.5585852373839,14.2,1920x1080,2.31,6000,48,250,245.0
HP,2023,Intel,mid,6,3.05,3.57,100,NVIDIA GTX,523,16,2666,SATA SSD,1024,469.72366527133,13.2,3840x2160,1.74,4500,70,250,259.9
Apple,2025,AMD,mid,6,2.74,3.23,100,Integrated,164,8,3000,NVMe SSD,256,3806.7180019057405,15.5,2560x1440,1.96,4500,31,250,98.0
Asus,2023,AMD,mid,6,2.14,2.81,100,Integrated,91,8,3000,SATA SSD,1024,461.37056840328694,14.9,3840x2160,1.64,4500,25,250,123.4
Apple,2020,Intel,mid,6,2.83,3.24,100,AMD Radeon,601,16,2666,NVMe SSD,256,2782.551882406513,16.7,2560x1440,2.37,8000,73,250,200.2
Lenovo,2023,AMD,high,8,2.88,3.92,153,Integrated,60,32,2133,NVMe SSD,128,2814.759548534265,15.1,1920x1080,1.85,3500,38,250,217.6
HP,2020,Intel,low,4,2.06,2.27,100,NVIDIA GTX,454,8,2666,NVMe SSD,128,3632.7410244670455,15.6,2560x1440,1.9,6000,50,250,232.7
Razer,2021,Intel,mid,8,2.85,3.77,100,Integrated,86,16,2666,NVMe SSD,512,2656.3142775987167,14.5,1920x1080,1.34,4500,38,250,97.8
Razer,2019,Intel,mid,6,3.33,4.19,100,AMD Radeon,552,8,3600,NVMe SSD,512,2561.6828158944904,14.2,1920x1080,1.63,6000,66,250,247.8
MSI,2018,Intel,low,4,2.71,3.32,100,Integrated,36,8,2133,NVMe SSD,256,3243.2837555000324,15.2,1920x1080,1.88,8000,18,250,103.0
Razer,2025,AMD,mid,6,3.15,3.81,115,AMD Radeon,730,16,4800,NVMe SSD,256,3637.1709979560096,14.3,1920x1080,1.84,6000,63,250,312.7
Apple,2017,AMD,mid,8,2.43,2.91,106,NVIDIA RTX,870,16,3600,NVMe SSD,512,3022.2527938347644,14.8,1920x1080,2.1,3500,55,250,464.7
Dell,2024,Intel,mid,6,2.66,3.15,100,AMD Radeon,573,16,3200,SATA SSD,512,492.7891558940758,17.2,1920x1080,2.11,4500,57,250,295.7
MSI,2020,Intel,low,4,2.29,2.66,100,NVIDIA GTX,516,4,3000,SATA SSD,128,482.3020062852614,15.6,1920x1080,1.9,6000,45,250,286.7
HP,2022,Intel,low,4,2.33,2.88,100,NVIDIA GTX,503,4,3200,NVMe SSD,256,2609.888571435469,16.4,2560x1440,2.6,3500,41,250,183.0
Razer,2025,Intel,high,8,2.77,4.21,130,Integrated,58,16,3000,SATA SSD,1024,458.8255501995277,16.9,1920x1080,2.01,4500,48,250,94.7
HP,2024,AMD,mid,6,2.74,3.56,127,Integrated,67,16,3200,SATA SSD,256,525.1698133565452,16.0,3840x2160,1.81,6000,15,250,87.3
Acer,2025,Intel,low,4,2.18,2.83,100,NVIDIA RTX,1765,8,2666,NVMe SSD,128,2734.5456420616224,15.6,1920x1080,1.98,6000,42,295,658.1
Lenovo,2023,Intel,low,4,2.46,2.71,100,Integrated,83,8,2666,SATA SSD,256,453.348331782005,16.1,1920x1080,2.14,3500,23,250,143.9
Acer,2024,AMD,low,4,2.34,2.62,100,Integrated,20,8,2133,NVMe SSD,256,3977.2694698847117,15.6,2560x1440,2.14,6000,13,250,10.0
Acer,2024,AMD,low,4,2.11,2.76,100,NVIDIA GTX,488,8,3600,NVMe SSD,256,3147.007247243929,15.1,2560x1440,1.81,4500,33,250,278.7
MSI,2024,Intel,low,4,2.63,3.33,100,NVIDIA RTX,1673,8,2400,NVMe SSD,512,3641.7578699038795,17.5,2560x1440,2.03,4500,38,250,638.5
HP,2025,AMD,low,4,2.33,2.92,100,NVIDIA GTX,581,8,2666,NVMe SSD,256,3429.0209607775437,14.4,1920x1080,2.31,4500,46,250,303.4
Lenovo,2021,Intel,mid,4,2.73,3.31,100,Integrated,145,8,2666,SATA SSD,512,564.739233545621,14.9,1920x1080,1.48,3500,36,250,107.5
Acer,2022,Intel,mid,6,2.82,3.57,100,AMD Radeon,719,8,3000,NVMe SSD,512,2467.719334983156,13.6,1920x1080,2.31,4500,78,250,295.9
Lenovo,2016,Intel,mid,6,2.94,3.61,100,Integrated,153,16,3000,NVMe SSD,512,3111.0961135760313,15.6,1920x1080,1.81,3500,24,250,126.8
MSI,2017,Intel,mid,8,2.23,3.11,100,NVIDIA RTX,658,16,3200,NVMe SSD,512,2404.822539984078,17.6,1920x1080,2.31,4500,65,250,343.2
Lenovo,2020,Intel,high,8,3.28,4.31,100,Integrated,21,16,3600,NVMe SSD,256,3785.4492626038805,15.8,1920x1080,1.5,3500,44,250,48.6
Asus,2019,AMD,mid,6,2.9,3.71,100,NVIDIA RTX,851,16,3600,NVMe SSD,1024,2401.8440992445867,16.1,2560x1440,1.78,6000,69,250,405.0
MSI,2016,AMD,mid,6,2.49,3.19,100,Integrated,20,16,3200,NVMe SSD,128,3662.540087858068,16.4,1920x1080,2.18,6000,27,250,141.9
Asus,2016,AMD,low,4,2.17,2.77,100,Integrated,131,8,3600,NVMe SSD,256,2049.126485576956,15.0,1920x1080,1.97,4500,16,250,65.4
HP,2024,AMD,high,8,3.39,4.42,100,NVIDIA RTX,1108,16,3200,NVMe SSD,2048,2879.6178421117743,14.3,1920x1080,1.6,6000,77,250,420.7
Lenovo,2024,Intel,mid,8,3.06,4.01,100,NVIDIA GTX,543,8,3200,NVMe SSD,1024,2851.777953319689,17.1,3840x2160,1.85,4500,68,250,294.1
Asus,2020,AMD,mid,8,2.85,3.43,100,Integrated,73,16,2666,SATA SSD,1024,439.73817544659283,14.6,2560x1440,2.35,6000,30,250,53.2
Apple,2017,Apple,high,8,3.43,5.01,100,NVIDIA RTX,924,32,2666,SATA SSD,1024,526.0414348950582,16.2,1920x1080,2.14,6000,75,250,420.0
Lenovo,2024,Intel,low,4,2.05,2.62,100,NVIDIA GTX,686,8,3200,NVMe SSD,512,3852.8099043715038,15.8,1920x1080,2.27,4500,63,250,328.6
MSI,2021,Intel,mid,6,2.33,2.76,100,Integrated,111,16,2400,SATA SSD,512,548.4048581641991,16.2,3840x2160,1.95,4500,30,250,122.2
Apple,2025,AMD,low,4,2.17,2.79,100,NVIDIA GTX,662,8,2666,HDD,512,123.26853449415445,15.2,1920x1080,1.68,4500,41,250,309.1
Acer,2016,Intel,mid,6,3.27,3.78,100,Integrated,20,8,3600,NVMe SSD,2048,3397.8216026035075,15.7,1920x1080,1.7,3500,24,250,89.8
Dell,2023,Intel,mid,6,2.9,3.64,100,NVIDIA RTX,1125,16,2400,SATA SSD,256,508.31747709476366,17.0,1920x1080,2.31,3500,73,250,456.1
MSI,2023,AMD,mid,6,2.7,3.16,100,NVIDIA GTX,544,8,3600,NVMe SSD,256,2377.335290331638,15.9,3840x2160,2.04,4500,79,250,288.2
HP,2023,AMD,mid,6,2.62,3.03,100,Integrated,132,8,2666,NVMe SSD,128,1883.6441829886883,17.1,1920x1080,2.19,8000,16,250,168.5
MSI,2023,AMD,mid,6,2.71,3.13,100,AMD Radeon,663,16,2666,NVMe SSD,512,2224.074775117703,15.8,1920x1080,2.4,3500,54,250,293.3
Acer,2021,Intel,low,4,2.32,2.73,100,Integrated,98,8,3000,SATA SSD,1024,427.4848576830043,14.7,1366x768,1.73,6000,28,250,52.0
Asus,2020,AMD,low,4,2.01,2.47,100,NVIDIA RTX,1589,8,2666,NVMe SSD,128,2258.145499798458,14.5,1920x1080,1.62,6000,58,250,565.2
Asus,2016,AMD,high,8,3.06,4.63,100,AMD Radeon,520,32,2666,HDD,128,132.53008850541065,17.9,1920x1080,2.13,8000,84,250,258.6
Lenovo,2021,AMD,mid,6,2.58,3.52,100,Integrated,114,8,2133,NVMe SSD,256,3474.869513457627,17.1,2560x1440,2.12,8000,37,250,99.8
HP,2025,Intel,mid,8,2.6,3.11,100,Integrated,90,16,3200,NVMe SSD,128,3590.496867091894,15.3,2560x1440,2.2,6000,31,250,124.0
Lenovo,2020,Intel,low,2,2.11,2.72,100,NVIDIA GTX,528,8,3600,HDD,1024,102.28284474746846,16.1,1920x1080,2.21,3500,44,250,236.0
MSI,2023,Intel,high,8,2.69,4.02,100,Integrated,130,16,3200,HDD,512,164.50980192359395,15.4,2560x1440,1.9,3500,49,250,75.6
Lenovo,2020,AMD,low,2,2.62,3.18,100,Integrated,99,8,4266,NVMe SSD,256,3532.541899733719,15.6,1366x768,1.89,4500,0,250,66.3
MSI,2020,Intel,mid,6,2.69,3.2,100,AMD Radeon,809,8,4266,NVMe SSD,256,3551.0087624039033,14.8,1366x768,2.34,4500,68,250,261.0
MSI,2021,AMD,low,2,2.31,3.01,100,NVIDIA GTX,335,8,3000,NVMe SSD,256,3617.780691576682,16.6,1920x1080,2.1,3500,51,250,189.1
MSI,2025,Intel,mid,6,2.79,3.31,100,AMD Radeon,1107,8,2666,NVMe SSD,256,2722.510550336989,13.5,2560x1440,1.76,3500,57,250,444.9
Lenovo,2023,Apple,low,4,2.34,2.8,100,NVIDIA GTX,591,8,3000,NVMe SSD,256,2393.680892543877,16.2,1920x1080,2.38,8000,48,250,196.6
Asus,2025,AMD,high,8,2.68,3.45,100,AMD Radeon,736,16,4266,NVMe SSD,128,3261.9797571097643,15.1,1920x1080,2.13,6000,68,250,344.8
HP,2021,Intel,high,8,2.44,4.04,155,Integrated,106,32,2666,NVMe SSD,512,2271.088353737153,17.3,2560x1440,1.86,6000,38,250,144.7
MSI,2021,Intel,mid,8,2.77,3.57,100,NVIDIA GTX,455,16,2666,NVMe SSD,1024,3139.707731834943,14.6,1920x1080,2.1,4500,77,250,248.8
HP,2024,Intel,low,4,2.45,3.1,100,NVIDIA GTX,940,8,3200,SATA SSD,1024,466.96289471285974,12.6,1920x1080,2.01,3500,54,250,396.2
MSI,2016,Intel,mid,8,2.26,3.0,100,AMD Radeon,434,16,2666,SATA SSD,128,471.7679340086085,17.4,1920x1080,1.54,3500,65,250,271.0
Acer,2024,AMD,mid,4,2.58,3.17,100,NVIDIA GTX,622,16,2400,SATA SSD,512,500.20160551026964,15.6,1920x1080,1.72,4500,56,250,268.2
Apple,2024,AMD,mid,8,2.87,3.5,100,NVIDIA GTX,824,16,3000,NVMe SSD,2048,3189.240102358153,17.1,1920x1080,1.87,3500,64,250,350.6
Dell,2024,AMD,mid,4,2.52,3.15,100,Integrated,72,8,3200,NVMe SSD,256,3334.722025222814,15.7,1920x1080,2.01,4500,36,250,109.0
Dell,2024,AMD,high,8,2.63,3.84,100,Integrated,92,16,3600,SATA SSD,512,413.6228796565819,14.6,2560x1440,1.74,4500,35,250,129.2
HP,2023,AMD,high,8,2.95,4.22,100,NVIDIA GTX,674,32,4266,NVMe SSD,128,1882.193063226906,13.7,1920x1080,1.58,6000,78,250,379.7
Apple,2022,Intel,mid,6,3.09,3.99,100,AMD Radeon,628,16,3600,SATA SSD,128,572.6884437821568,15.2,1920x1080,2.33,8000,62,250,254.1
HP,2023,Apple,mid,8,2.48,3.1,117,NVIDIA GTX,520,8,2666,SATA SSD,1024,406.7200923333587,17.3,1366x768,2.58,3500,76,250,224.0
HP,2023,Intel,mid,4,2.77,3.28,100,AMD Radeon,760,16,2400,SATA SSD,256,575.3976436713348,15.3,1920x1080,1.68,4500,74,250,284.6
Apple,2024,AMD,mid,8,3.31,4.16,102,NVIDIA GTX,533,8,3200,NVMe SSD,256,2810.4319501724817,16.1,1920x1080,2.19,3500,63,250,230.9
Acer,2023,AMD,mid,6,2.77,3.61,100,NVIDIA GTX,769,16,3600,NVMe SSD,512,3366.3971759448004,15.1,1366x768,1.69,6000,58,250,312.1
Asus,2025,Apple,low,4,2.15,2.42,100,NVIDIA GTX,767,8,3200,HDD,256,146.6641961466157,14.5,1920x1080,2.29,8000,48,250,274.0
HP,2019,Intel,high,8,2.45,3.93,100,NVIDIA RTX,955,16,4266,NVMe SSD,128,3365.367597238922,14.1,1920x1080,1.9,4500,107,250,380.0
Razer,2018,AMD,low,2,2.31,2.9,100,NVIDIA GTX,392,4,2666,NVMe SSD,1024,3078.8623643868673,16.5,1920x1080,2.09,4500,57,250,200.4
HP,2021,Apple,mid,4,2.71,3.49,100,NVIDIA GTX,416,16,4266,SATA SSD,512,431.01428081494373,16.0,1920x1080,1.84,6000,49,250,183.5
MSI,2024,AMD,low,4,1.89,2.09,100,NVIDIA GTX,583,8,3000,NVMe SSD,1024,3829.721687538138,15.8,1920x1080,2.34,6000,44,250,285.8
HP,2018,AMD,high,12,2.49,4.07,105,Integrated,106,16,3600,NVMe SSD,256,2520.833851965197,15.6,1920x1080,1.7,6000,30,250,136.4
MSI,2023,AMD,mid,8,2.22,2.93,100,NVIDIA RTX,787,16,3600,NVMe SSD,128,1942.0858482033534,15.2,3840x2160,2.0,4500,77,250,360.0
Lenovo,2020,Intel,low,2,2.39,2.92,100,NVIDIA GTX,768,4,2133,HDD,256,125.98908644296222,14.0,1920x1080,1.59,6000,45,250,326.5
MSI,2024,Intel,low,4,2.21,2.63,100,NVIDIA GTX,525,4,3000,NVMe SSD,512,3919.866578673379,15.5,1920x1080,2.0,8000,52,250,236.2
Dell,2023,Apple,mid,6,3.18,4.16,100,Integrated,105,16,2666,SATA SSD,256,437.774327190799,16.8,2560x1440,2.27,6000,34,250,109.7
Razer,2024,Apple,low,4,2.39,2.67,100,NVIDIA RTX,1417,8,2400,NVMe SSD,1024,3551.8923237737886,15.2,1920x1080,1.69,3500,48,283,542.2
MSI,2023,AMD,mid,8,2.64,3.46,100,Integrated,103,16,2133,SATA SSD,512,558.3757650670047,16.9,1920x1080,1.89,3500,28,250,54.9
Apple,2022,AMD,mid,4,2.51,3.08,100,Integrated,118,16,2666,SATA SSD,256,547.5875538981048,15.1,1920x1080,1.45,8000,24,250,187.3
Razer,2016,AMD,low,4,2.1,2.73,100,NVIDIA RTX,629,8,2133,SATA SSD,128,559.4552271314801,12.8,3840x2160,1.81,6000,56,250,219.6
Lenovo,2018,AMD,low,4,2.65,3.09,100,Integrated,20,8,3200,SATA SSD,256,435.01675845734957,16.4,3840x2160,1.99,6000,10,250,13.0
MSI,2017,Intel,mid,8,3.05,3.92,100,Integrated,46,16,3600,NVMe SSD,128,2513.9963202652857,16.0,1920x1080,1.98,6000,26,250,46.4
Asus,2020,Apple,low,4,2.07,2.54,100,Integrated,90,8,3600,SATA SSD,128,466.5590106508075,15.8,1920x1080,1.84,6000,25,250,88.8
Apple,2020,AMD,mid,6,2.69,3.12,100,AMD Radeon,300,16,3600,NVMe SSD,1024,3725.430108399827,14.8,1920x1080,1.85,3500,79,250,115.5
Dell,2020,AMD,low,4,2.35,3.01,100,Integrated,107,4,3600,NVMe SSD,128,2170.3653094177694,17.2,1920x1080,2.29,4500,12,250,107.5
Lenovo,2022,AMD,low,4,2.21,2.48,100,AMD Radeon,263,8,4266,NVMe SSD,128,3506.2071942896073,15.0,1920x1080,1.83,3500,55,250,191.3
HP,2017,Apple,high,8,2.67,3.86,100,AMD Radeon,239,16,3600,NVMe SSD,512,3074.5192798155945,18.3,1920x1080,2.02,3500,79,250,155.3
Asus,2022,AMD,low,4,2.31,2.74,100,NVIDIA RTX,904,8,3200,NVMe SSD,512,2634.1074377936034,16.3,1920x1080,2.58,6000,41,250,356.2
Acer,2024,AMD,mid,6,2.89,3.75,100,AMD Radeon,353,16,3600,SATA SSD,256,524.8065633264828,13.8,3840x2160,2.16,6000,59,250,108.0
Acer,2021,AMD,low,4,2.37,3.05,100,Integrated,75,8,3200,SATA SSD,1024,501.3639124595517,16.3,1366x768,1.8,4500,35,250,66.1
HP,2023,Intel,mid,4,2.94,3.58,100,Integrated,29,16,3000,NVMe SSD,512,2747.707277270751,14.6,1920x1080,2.13,6000,27,250,44.2
Lenovo,2025,Intel,mid,4,2.98,3.74,138,NVIDIA GTX,517,8,2666,NVMe SSD,512,2253.45392554129,16.8,2560x1440,2.28,6000,71,250,215.4
Razer,2020,AMD,mid,4,2.84,3.63,100,Integrated,110,8,2400,NVMe SSD,1024,3768.1927079149355,15.9,3840x2160,2.06,4500,36,250,124.0
Asus,2018,Intel,mid,6,2.48,3.43,100,Integrated,20,16,2666,NVMe SSD,512,2418.750242940414,16.2,2560x1440,1.74,3500,37,250,36.8
Asus,2019,AMD,low,2,2.19,2.58,100,Integrated,41,8,3000,NVMe SSD,128,2844.712438072539,15.0,1920x1080,1.67,4500,6,250,42.8
MSI,2016,AMD,high,8,3.09,3.72,100,Integrated,85,32,3200,NVMe SSD,256,3082.4877575693636,12.0,1920x1080,1.41,6000,41,250,134.2
Acer,2019,Intel,low,2,1.89,2.28,100,Integrated,33,8,4800,SATA SSD,256,528.7613924790757,17.9,1920x1080,1.95,3500,9,250,51.5
Dell,2021,Intel,low,4,2.38,3.05,100,NVIDIA GTX,648,8,3600,NVMe SSD,256,3488.349584821597,15.3,1920x1080,1.69,4500,50,250,332.5
Razer,2020,AMD,mid,6,2.95,3.72,100,Integrated,40,8,3600,NVMe SSD,512,2836.5206548710503,14.8,1920x1080,2.13,3500,30,250,103.4
HP,2025,AMD,mid,4,2.78,3.6,100,NVIDIA GTX,680,8,2666,SATA SSD,128,492.8174915179426,16.1,1920x1080,1.87,3500,73,250,261.9
Asus,2020,Intel,high,8,2.94,4.14,122,NVIDIA GTX,487,16,3600,NVMe SSD,512,2377.9943571095832,17.0,1920x1080,2.03,6000,83,250,147.4
Razer,2020,Intel,high,8,2.49,3.23,100,NVIDIA RTX,437,32,3000,NVMe SSD,256,2168.9528366343966,17.1,2560x1440,2.19,3500,87,250,213.9
Acer,2018,Intel,low,4,2.11,2.34,100,NVIDIA GTX,565,4,2666,NVMe SSD,512,2337.6232103809434,14.7,3840x2160,1.72,8000,53,250,283.2
Apple,2020,Apple,mid,6,2.54,3.48,100,AMD Radeon,186,16,2400,NVMe SSD,128,2719.730017670695,14.3,1920x1080,1.99,4500,62,250,116.2
MSI,2024,AMD,mid,4,2.46,3.32,100,NVIDIA GTX,718,8,3600,NVMe SSD,128,2359.228252708011,16.1,2560x1440,2.16,6000,59,250,232.1
Apple,2020,AMD,mid,6,2.74,3.67,100,NVIDIA RTX,636,16,4266,NVMe SSD,512,3609.987927622703,15.2,1920x1080,1.29,6000,62,259,252.5
Apple,2019,AMD,low,2,2.43,2.84,100,Integrated,20,8,3000,NVMe SSD,2048,3628.497378841533,14.4,1920x1080,1.59,3500,31,250,28.0
HP,2021,AMD,low,2,2.59,2.82,100,Integrated,77,8,2133,HDD,256,137.5415031274628,15.9,1920x1080,2.17,4500,12,250,47.4
Asus,2023,Intel,high,8,3.07,3.72,100,NVIDIA RTX,1072,16,3200,HDD,512,131.80238127804856,14.9,1920x1080,1.99,3500,80,250,420.4
Acer,2018,Intel,mid,6,2.93,3.8,100,NVIDIA RTX,1025,16,3600,NVMe SSD,512,2521.9396170626533,14.7,1920x1080,1.28,8000,60,250,404.9
Dell,2022,AMD,high,8,2.64,3.29,111,NVIDIA GTX,561,16,3000,NVMe SSD,256,2419.2909342560506,15.0,1920x1080,1.59,4500,76,250,275.7
Asus,2025,AMD,mid,6,2.7,3.46,100,NVIDIA GTX,578,8,3000,NVMe SSD,256,3335.7179236635434,16.8,3840x2160,2.28,6000,69,250,238.4
MSI,2020,AMD,mid,6,2.62,3.39,100,NVIDIA GTX,411,16,2666,NVMe SSD,256,1647.8721178035216,16.7,1920x1080,2.07,6000,48,250,189.6
Razer,2020,AMD,high,8,2.88,4.36,100,Integrated,70,32,3000,NVMe SSD,128,2754.568291320258,13.9,1366x768,1.94,3500,43,250,105.1
Asus,2024,Intel,mid,8,2.93,3.75,100,Integrated,30,16,2666,SATA SSD,256,461.9083949709738,15.6,3840x2160,1.92,3500,22,250,25.4
Razer,2024,AMD,mid,6,2.56,3.32,112,Integrated,139,16,3200,NVMe SSD,256,3504.972309334149,18.3,1920x1080,1.77,4500,27,250,183.1
HP,2021,AMD,low,4,2.18,2.63,100,NVIDIA GTX,485,8,3600,NVMe SSD,512,2188.638705237054,17.1,1366x768,2.15,4500,54,250,196.4
MSI,2019,AMD,low,4,2.39,2.97,100,NVIDIA GTX,323,4,3200,SATA SSD,256,492.9760312825275,18.0,1920x1080,2.03,6000,59,250,183.7
Asus,2022,Intel,high,12,3.12,4.24,153,AMD Radeon,553,16,4266,SATA SSD,512,497.1230530923841,15.3,1920x1080,2.21,6000,61,250,297.7
Apple,2022,AMD,mid,4,2.64,3.6,100,NVIDIA RTX,1286,16,2666,NVMe SSD,256,3747.6776936684623,15.2,1920x1080,1.12,6000,66,437,509.2
Acer,2020,Intel,low,4,2.08,2.74,100,Integrated,45,8,2400,SATA SSD,512,509.44285376171445,14.9,1920x1080,1.38,4500,14,250,190.7
MSI,2016,AMD,mid,6,2.96,3.74,100,NVIDIA RTX,726,16,2666,SATA SSD,128,484.9283303977432,14.5,1920x1080,1.67,6000,65,250,275.4
Asus,2019,Intel,mid,4,2.55,3.38,100,Integrated,71,8,2666,NVMe SSD,256,2850.8726640869722,16.9,1920x1080,2.08,3500,26,250,48.0
MSI,2019,AMD,mid,4,2.45,3.07,100,NVIDIA GTX,361,16,2666,NVMe SSD,512,3423.1833082887433,15.1,2560x1440,2.12,6000,59,250,150.0
Acer,2019,Intel,mid,6,2.34,3.22,100,AMD Radeon,420,16,2133,HDD,512,136.23221387107978,17.2,1920x1080,2.15,3500,58,250,193.6
Asus,2022,AMD,mid,8,2.34,2.87,101,Integrated,20,16,2400,NVMe SSD,256,3113.456604668247,14.7,1920x1080,1.81,3500,27,250,101.4
MSI,2025,Intel,mid,6,2.66,3.25,100,NVIDIA RTX,1629,16,2400,SATA SSD,1024,573.2101675571889,14.7,1920x1080,1.84,4500,70,362,578.6
HP,2024,Intel,mid,6,2.81,3.64,100,NVIDIA GTX,419,16,2133,NVMe SSD,1024,3783.0265007907074,13.7,1920x1080,1.48,3500,58,250,251.2
Acer,2023,AMD,mid,4,2.57,3.21,100,AMD Radeon,426,8,2666,SATA SSD,512,480.75955543160455,15.6,1920x1080,1.58,4500,47,250,214.2
MSI,2020,Intel,mid,6,2.42,3.08,100,Integrated,101,16,4800,SATA SSD,256,570.2497687821938,15.8,1920x1080,2.46,4500,23,250,126.0
Lenovo,2023,Intel,low,4,2.06,2.37,100,NVIDIA GTX,277,8,2666,NVMe SSD,128,2747.7612435605024,15.9,1920x1080,1.71,6000,54,250,187.6
Asus,2017,Apple,mid,4,2.94,3.83,100,AMD Radeon,454,8,3000,HDD,256,124.12856907661664,14.8,1366x768,2.28,3500,81,250,234.3
Apple,2018,AMD,mid,4,2.18,2.89,100,Integrated,96,16,2400,NVMe SSD,1024,3126.7605755802,16.7,2560x1440,1.6,6000,32,250,105.6
Asus,2018,AMD,mid,6,3.08,3.69,100,Integrated,20,8,3600,NVMe SSD,1024,3110.2752501803934,13.9,1920x1080,1.74,6000,39,250,47.5
Apple,2024,Intel,high,8,3.4,4.4,100,AMD Radeon,695,16,3000,NVMe SSD,512,3824.480563788362,16.8,1920x1080,2.12,6000,79,250,334.2
Dell,2017,AMD,low,4,2.22,2.8,100,NVIDIA RTX,345,4,3200,SATA SSD,128,548.6026451352265,14.5,1920x1080,2.13,3500,56,250,176.0
Apple,2022,Intel,low,4,1.96,2.21,100,AMD Radeon,842,8,3600,NVMe SSD,512,2922.649820347323,14.1,2560x1440,1.52,6000,51,250,370.5
Lenovo,2019,Intel,high,12,2.44,3.6,102,NVIDIA RTX,892,16,2400,NVMe SSD,512,3146.046837119052,13.0,1920x1080,1.47,6000,98,250,370.8
Razer,2020,AMD,mid,8,2.14,2.87,100,Integrated,107,16,2133,NVMe SSD,256,3158.5831413471296,13.8,1920x1080,1.35,3500,35,250,101.4
HP,2020,Intel,high,8,3.11,4.43,100,Integrated,144,32,4800,NVMe SSD,256,1306.4880551776403,15.9,1366x768,2.15,4500,50,250,147.6
Apple,2018,Intel,low,2,2.21,2.82,100,Integrated,56,4,3600,SATA SSD,128,417.94056654627786,15.7,2560x1440,1.7,4500,9,250,35.6
MSI,2019,AMD,high,8,2.48,3.85,100,NVIDIA GTX,366,16,3200,SATA SSD,512,558.2850378420422,16.9,1366x768,2.38,3500,78,250,219.1
HP,2024,AMD,mid,4,2.63,3.53,100,Integrated,192,16,4800,NVMe SSD,1024,2425.236746870369,14.9,1366x768,1.95,8000,33,250,219.1
Lenovo,2020,Intel,low,4,2.81,3.07,100,NVIDIA GTX,439,8,3000,NVMe SSD,1024,2071.543760017951,15.9,2560x1440,1.99,6000,49,250,165.6
Razer,2021,Intel,high,6,2.65,4.19,100,NVIDIA GTX,471,16,2666,HDD,128,104.22703324303116,15.4,1920x1080,1.71,6000,73,272,205.4
HP,2023,Intel,mid,6,2.62,3.42,100,NVIDIA GTX,552,16,3200,HDD,512,138.72967554640903,15.4,2560x1440,1.94,4500,58,250,239.3
Lenovo,2023,Intel,high,12,3.26,4.2,111,AMD Radeon,543,16,2666,NVMe SSD,256,3224.8734287177467,15.5,1920x1080,1.86,4500,86,250,258.2
Apple,2025,Intel,mid,6,3.08,3.57,100,NVIDIA GTX,628,8,3600,HDD,512,128.22337701558385,14.0,2560x1440,1.73,8000,77,292,321.7
Lenovo,2024,AMD,mid,6,2.69,3.55,100,Integrated,76,16,2666,NVMe SSD,2048,3463.7117247187693,17.1,1920x1080,2.45,4500,33,250,102.7
Lenovo,2016,Intel,low,4,1.79,2.49,100,AMD Radeon,176,8,2666,NVMe SSD,128,2943.181965417553,14.7,1920x1080,2.28,4500,59,250,140.2
Lenovo,2017,AMD,mid,4,2.47,3.0,100,NVIDIA RTX,838,16,3600,SATA SSD,512,497.1907243770234,14.8,2560x1440,1.97,4500,67,250,322.7
HP,2024,AMD,low,4,2.38,2.66,100,Integrated,180,8,2666,NVMe SSD,256,2282.8946380970397,15.5,1920x1080,1.86,4500,0,250,45.7
Lenovo,2016,Apple,low,4,1.85,2.23,100,NVIDIA GTX,330,8,4266,NVMe SSD,256,2121.9762006420133,15.9,1920x1080,1.59,4500,34,250,188.3
Lenovo,2020,AMD,mid,6,2.97,3.48,100,NVIDIA GTX,263,16,2666,NVMe SSD,512,3010.9315382482887,17.9,1920x1080,2.39,4500,70,250,229.1
Apple,2017,AMD,low,4,2.3,2.92,100,AMD Radeon,338,8,2400,HDD,512,120.86294911594798,15.7,1920x1080,1.96,6000,32,250,119.4
Dell,2024,Intel,mid,6,2.6,3.56,100,Integrated,144,16,2400,SATA SSD,256,445.53888265003036,13.4,1920x1080,1.81,6000,42,250,188.8
Acer,2025,Intel,mid,6,2.74,3.64,100,NVIDIA GTX,684,8,4266,NVMe SSD,512,2914.7870292222847,15.7,3840x2160,2.14,6000,64,250,285.9
Acer,2017,Intel,mid,6,2.93,3.91,100,Integrated,94,16,3600,NVMe SSD,1024,2279.946609479736,15.7,1920x1080,1.73,8000,23,250,70.3
Asus,2021,Intel,mid,8,2.63,3.3,100,AMD Radeon,733,16,3000,NVMe SSD,512,2666.0706622744415,15.4,1920x1080,2.01,4500,55,250,349.3
Dell,2019,Intel,mid,6,2.66,3.34,100,AMD Radeon,665,8,2133,SATA SSD,256,417.93531771918106,16.1,1920x1080,2.18,4500,64,250,213.0
Apple,2025,AMD,low,2,2.2,2.59,100,NVIDIA RTX,1906,8,3000,NVMe SSD,256,1496.8694918823649,16.2,1920x1080,2.09,6000,68,389,696.0
Apple,2016,Intel,mid,6,2.05,2.72,100,NVIDIA GTX,236,16,2400,NVMe SSD,512,2870.3210537939162,16.4,1920x1080,2.07,3500,49,250,144.8
Apple,2025,Intel,mid,8,2.76,3.67,100,Integrated,132,16,2400,NVMe SSD,128,2766.775400680468,15.6,1920x1080,2.41,3500,29,250,203.7
MSI,2025,Apple,low,4,2.48,3.15,100,NVIDIA RTX,1755,8,3200,HDD,1024,139.99226969004502,17.5,1920x1080,2.19,3500,51,314,675.8
Razer,2021,AMD,low,2,2.22,2.69,100,Integrated,75,4,2133,NVMe SSD,256,3584.8658904324775,16.7,1920x1080,2.12,6000,22,250,67.6
Asus,2025,Intel,mid,6,3.45,4.22,100,Integrated,96,8,2666,NVMe SSD,128,3536.489411456841,16.1,3840x2160,2.08,6000,24,250,62.7
Acer,2020,AMD,high,12,2.97,3.68,100,NVIDIA GTX,399,64,3000,NVMe SSD,1024,2385.4801547929537,17.1,1920x1080,2.33,6000,77,250,257.6
Acer,2025,Intel,low,4,2.42,2.82,100,AMD Radeon,959,8,4266,NVMe SSD,256,2222.722967708113,16.3,1920x1080,2.26,3500,45,257,440.5
Dell,2022,Intel,high,16,3.21,4.54,265,NVIDIA GTX,466,64,2133,HDD,128,105.80064229870443,15.4,1920x1080,1.64,6000,79,250,409.7
Lenovo,2022,Intel,low,4,2.3,2.96,100,NVIDIA GTX,560,8,3000,NVMe SSD,512,2582.335046091504,18.1,1920x1080,2.34,3500,47,250,182.1
Lenovo,2018,Intel,mid,6,2.69,3.51,100,AMD Radeon,272,16,3000,SATA SSD,256,452.8067365973731,16.8,1920x1080,1.92,3500,68,250,126.3
Razer,2021,Intel,high,8,2.94,3.7,118,NVIDIA GTX,571,16,2133,SATA SSD,128,595.9238390751631,18.0,1920x1080,2.17,4500,86,250,243.5
Lenovo,2023,Intel,low,4,2.58,3.25,100,Integrated,106,8,3000,NVMe SSD,1024,2722.4618804581905,14.3,1920x1080,2.17,6000,5,250,55.4
Apple,2023,AMD,mid,4,2.72,3.67,100,NVIDIA RTX,1220,16,3600,SATA SSD,512,474.61523348539816,17.0,1920x1080,2.25,3500,52,250,480.2
Asus,2025,Intel,mid,8,2.73,3.2,100,Integrated,172,16,3600,NVMe SSD,1024,2480.6702331888773,14.5,1920x1080,1.54,4500,40,250,84.9
Acer,2019,Intel,high,8,2.83,3.81,100,NVIDIA GTX,474,16,3000,NVMe SSD,512,2567.9492704985328,15.7,2560x1440,2.19,6000,75,250,248.5
Apple,2021,Intel,mid,6,3.03,3.66,100,NVIDIA GTX,456,8,3200,NVMe SSD,512,2733.498070674655,16.5,2560x1440,1.86,6000,56,250,156.4
Razer,2023,Intel,mid,6,3.29,3.82,100,Integrated,64,16,3600,NVMe SSD,1024,3504.3621727916297,16.2,1920x1080,1.92,3500,30,250,62.1
Lenovo,2023,AMD,mid,8,2.72,3.51,100,NVIDIA RTX,1213,8,2666,SATA SSD,512,451.9134479860844,15.4,1920x1080,1.68,4500,78,250,454.6
MSI,2018,Intel,mid,6,2.67,3.1,100,Integrated,75,16,2400,SATA SSD,512,439.5971519967612,17.1,1920x1080,2.03,4500,22,250,97.3
HP,2018,AMD,mid,4,2.32,2.98,100,AMD Radeon,286,16,3000,NVMe SSD,512,2810.427417488309,13.8,1920x1080,2.04,3500,72,250,152.5
Apple,2021,AMD,low,4,2.24,2.68,100,Integrated,57,8,3200,SATA SSD,2048,621.4413059216824,16.1,1920x1080,1.88,4500,16,250,16.4
HP,2024,AMD,mid,6,3.09,3.76,100,NVIDIA GTX,566,8,3600,NVMe SSD,512,2762.04533720056,13.9,1920x1080,2.01,3500,67,250,199.0
Asus,2024,Intel,low,4,2.26,2.92,100,Integrated,68,8,3000,NVMe SSD,1024,3602.8868065873626,15.8,1920x1080,1.92,6000,10,250,118.4
Asus,2024,Intel,mid,6,2.66,3.29,109,Integrated,51,8,3000,NVMe SSD,1024,3200.4566403939853,15.2,1920x1080,1.81,6000,23,250,79.7
Razer,2025,Intel,low,4,2.21,2.48,100,Integrated,95,8,2666,SATA SSD,256,515.1889916673932,13.8,2560x1440,1.75,4500,13,250,87.8
Lenovo,2019,Intel,low,4,2.52,3.12,100,Integrated,20,8,3600,SATA SSD,1024,415.3587230831108,17.4,1920x1080,2.21,6000,3,250,73.2
Acer,2021,Intel,mid,4,3.16,3.9,100,NVIDIA GTX,389,16,2133,NVMe SSD,256,3382.127055577674,15.8,2560x1440,2.55,4500,59,250,194.6
Asus,2020,Intel,low,4,2.3,2.64,100,Integrated,197,4,3600,NVMe SSD,128,3161.15204056634,16.7,1920x1080,2.13,6000,6,250,151.4
Razer,2019,Intel,high,8,2.26,2.87,100,Integrated,110,32,3600,NVMe SSD,256,3000.0948383326386,14.4,1920x1080,1.76,8000,49,250,156.5
HP,2024,AMD,mid,8,2.53,3.26,100,Integrated,75,16,2666,SATA SSD,256,446.29736634726794,15.2,1920x1080,1.92,4500,25,250,42.1
HP,2020,Intel,low,4,2.31,2.92,100,Integrated,105,8,3600,SATA SSD,256,538.0971938280054,14.0,1920x1080,1.22,6000,32,250,72.9
Apple,2024,Intel,mid,4,2.45,3.22,100,Integrated,88,16,3200,NVMe SSD,512,3728.117579324461,14.6,2560x1440,1.5,4500,28,250,54.6
HP,2021,Intel,low,4,2.46,2.8,100,AMD Radeon,613,4,2400,NVMe SSD,128,2487.7443137936893,16.7,2560x1440,2.27,8000,56,250,293.6
Lenovo,2022,AMD,mid,6,2.84,3.84,100,NVIDIA GTX,508,16,3600,HDD,256,94.66125519146568,14.8,1920x1080,2.07,3500,51,250,259.6
Dell,2017,AMD,low,4,2.1,2.48,100,NVIDIA RTX,734,8,2666,NVMe SSD,256,4092.889586232518,15.2,1920x1080,1.6,4500,40,250,284.7
Acer,2025,Apple,mid,6,2.73,3.67,124,AMD Radeon,671,8,2666,NVMe SSD,128,3022.823522751612,14.6,2560x1440,1.78,3500,66,250,394.8
Acer,2022,Intel,mid,8,2.69,3.1,100,NVIDIA RTX,1089,16,3000,NVMe SSD,512,2975.108314620783,15.5,1920x1080,1.77,3500,63,307,452.7
MSI,2019,AMD,low,4,2.79,3.4,100,NVIDIA RTX,1459,4,2400,NVMe SSD,256,3114.4202492153872,15.3,1366x768,1.63,4500,46,250,593.9
Dell,2017,AMD,mid,4,2.22,2.89,100,Integrated,37,16,3600,SATA SSD,256,381.69799147192776,15.4,2560x1440,2.36,3500,39,250,93.8
Razer,2020,Intel,high,8,3.16,3.82,100,NVIDIA GTX,433,32,2666,SATA SSD,512,515.409075631918,16.7,1920x1080,2.2,3500,80,250,171.2
Asus,2024,AMD,high,12,3.18,4.32,160,NVIDIA GTX,261,32,3000,SATA SSD,128,552.376875352741,14.2,1920x1080,1.63,3500,61,250,218.7
Asus,2022,Apple,high,6,2.87,4.32,100,NVIDIA GTX,502,16,2133,NVMe SSD,1024,3015.248382220664,15.2,1920x1080,2.25,6000,74,250,313.5
Lenovo,2025,AMD,mid,4,2.31,3.21,100,NVIDIA GTX,447,8,2133,NVMe SSD,512,3276.119559196105,14.2,1920x1080,2.11,3500,65,250,180.9
Acer,2023,AMD,mid,8,2.28,2.86,100,Integrated,20,16,3200,NVMe SSD,256,3167.480523306411,17.4,1920x1080,2.14,4500,37,250,51.0
Asus,2019,Intel,high,6,2.99,4.39,107,NVIDIA RTX,1161,32,3200,NVMe SSD,1024,3804.0083437105495,14.5,2560x1440,1.49,4500,72,250,520.1
Acer,2022,AMD,mid,6,2.69,3.35,100,NVIDIA GTX,825,8,4800,HDD,256,124.23649581871004,16.4,2560x1440,2.22,3500,61,337,342.8
HP,2023,AMD,mid,6,3.03,3.61,100,Integrated,146,16,3600,SATA SSD,128,438.4870900063309,14.2,1920x1080,1.86,6000,23,250,160.6
Asus,2024,AMD,mid,6,2.5,3.25,100,NVIDIA GTX,716,8,3600,HDD,512,130.66670890037904,13.5,1920x1080,1.74,4500,68,250,352.2
Acer,2023,Apple,low,2,2.41,2.91,100,NVIDIA GTX,831,4,2666,SATA SSD,512,470.1087160807742,15.8,1920x1080,1.82,4500,72,250,283.1
MSI,2024,AMD,mid,6,2.93,3.79,100,Integrated,28,16,4266,NVMe SSD,512,3306.150172182494,15.2,1920x1080,2.41,4500,54,250,41.9
Razer,2021,Intel,mid,4,2.4,3.19,100,Integrated,156,16,3200,NVMe SSD,256,2773.6230790539025,13.9,2560x1440,1.43,3500,25,250,163.8
Lenovo,2025,Apple,mid,6,2.67,3.28,100,AMD Radeon,826,16,2400,NVMe SSD,256,3432.1463159699097,15.9,1920x1080,1.76,3500,55,250,416.3
Lenovo,2019,Apple,mid,8,3.06,3.68,100,NVIDIA GTX,269,16,3600,NVMe SSD,256,2878.9482799021935,13.4,1920x1080,1.63,4500,60,250,154.4
Lenovo,2019,AMD,mid,6,2.66,3.47,100,Integrated,20,16,3200,HDD,512,93.45771015100956,14.6,2560x1440,1.87,6000,19,250,126.9
Razer,2020,Intel,low,4,2.13,2.68,100,NVIDIA RTX,1175,8,4800,SATA SSD,512,493.9420102551781,14.8,1920x1080,1.77,6000,54,250,499.1
Asus,2022,Apple,mid,6,2.69,3.2,100,NVIDIA RTX,1202,8,2666,NVMe SSD,256,2098.0126771628843,14.8,1920x1080,1.82,6000,65,270,422.8
Acer,2020,AMD,low,2,2.29,2.77,100,AMD Radeon,523,8,2133,NVMe SSD,256,1894.910651721656,12.4,3840x2160,1.77,6000,49,250,244.8
Dell,2024,AMD,mid,6,2.66,3.1,100,NVIDIA GTX,570,8,3000,SATA SSD,256,434.85961978095247,14.2,3840x2160,1.4,3500,66,250,198.6
Razer,2025,AMD,mid,6,3.29,4.2,100,Integrated,118,16,3200,SATA SSD,512,529.8552822690363,15.5,1920x1080,1.96,3500,32,250,27.3
HP,2021,AMD,low,2,2.47,2.74,100,Integrated,87,8,2400,SATA SSD,256,525.4880541429608,18.0,1920x1080,2.43,4500,27,250,12.9
MSI,2020,Intel,mid,6,2.55,3.3,100,NVIDIA RTX,955,8,2666,NVMe SSD,1024,3379.9595138348636,15.3,1920x1080,1.42,4500,63,250,448.2
HP,2022,Intel,mid,8,3.08,3.93,100,Integrated,20,8,3200,SATA SSD,512,487.615137527904,14.6,1920x1080,1.92,6000,28,250,47.1
MSI,2020,Intel,mid,4,2.77,3.21,100,NVIDIA RTX,1251,8,2133,NVMe SSD,256,2579.060629402511,15.3,3840x2160,2.18,6000,56,250,465.5
Acer,2023,AMD,low,4,2.54,3.0,100,AMD Radeon,644,8,3600,NVMe SSD,256,3225.858485386012,13.9,1920x1080,1.98,8000,41,250,256.3
Acer,2020,Apple,low,4,2.63,3.29,100,Integrated,131,4,2666,NVMe SSD,256,2618.4328354688096,18.5,2560x1440,2.71,3500,13,250,104.4
Acer,2025,AMD,low,2,2.33,2.97,100,Integrated,131,4,3200,SATA SSD,1024,501.6728672479037,14.9,2560x1440,2.05,8000,17,250,31.4
Dell,2024,AMD,mid,6,2.82,3.65,100,AMD Radeon,627,8,3600,NVMe SSD,512,2992.927742537117,13.6,1920x1080,1.49,6000,59,250,330.3
Apple,2022,Intel,low,2,2.42,2.97,100,NVIDIA GTX,676,8,3200,SATA SSD,128,457.0654470170428,16.6,1920x1080,2.44,4500,30,250,218.4
Dell,2023,Intel,low,2,2.43,2.73,100,NVIDIA RTX,1450,8,3600,SATA SSD,512,437.9852438790074,13.6,1920x1080,1.84,6000,56,312,569.2
Lenovo,2018,Intel,mid,4,2.91,3.41,100,NVIDIA RTX,926,16,3600,NVMe SSD,256,3014.6175340636028,14.3,1920x1080,2.03,8000,64,250,498.3
HP,2019,Intel,mid,8,2.78,3.33,100,NVIDIA GTX,379,16,2666,SATA SSD,256,434.6024746226293,15.8,3840x2160,1.82,4500,68,250,164.3
Lenovo,2022,Intel,low,4,2.43,2.95,100,Integrated,100,8,3200,HDD,256,118.55594023733012,14.6,1920x1080,1.61,6000,9,250,88.7
Razer,2023,AMD,low,4,2.45,2.71,100,NVIDIA RTX,1320,8,4266,SATA SSD,256,488.0962610997036,16.6,1920x1080,2.15,3500,51,250,544.5
Dell,2023,Intel,high,6,2.89,3.72,100,NVIDIA RTX,1353,64,3600,SATA SSD,512,454.1814878330734,16.0,1920x1080,1.99,3500,73,337,678.1
Acer,2022,Intel,low,4,2.54,3.08,100,NVIDIA RTX,1456,8,2666,NVMe SSD,1024,2602.754685317767,14.8,1920x1080,2.05,6000,50,276,537.0
Lenovo,2019,Intel,low,2,2.05,2.53,100,NVIDIA GTX,513,4,4800,NVMe SSD,512,3724.027381181674,15.4,3840x2160,1.88,8000,51,250,176.3
Asus,2021,AMD,mid,6,2.81,3.72,100,Integrated,185,8,3600,NVMe SSD,512,3185.9409752049387,17.6,1920x1080,2.12,4500,46,250,160.0
Asus,2018,AMD,high,8,3.29,4.32,126,Integrated,20,32,4266,NVMe SSD,256,2422.493320629169,14.5,2560x1440,1.82,3500,45,250,103.4
Dell,2025,Apple,low,4,2.31,2.71,100,Integrated,100,8,3000,NVMe SSD,1024,3514.1855014062253,15.6,1920x1080,2.13,6000,19,250,124.7
Acer,2021,Apple,low,4,2.26,2.49,100,NVIDIA RTX,965,8,2666,NVMe SSD,512,3670.775557612429,15.5,1920x1080,1.79,6000,45,250,356.6
Asus,2024,AMD,mid,6,2.8,3.39,100,NVIDIA GTX,700,8,2400,SATA SSD,512,555.9024579325929,16.0,2560x1440,2.07,6000,47,250,284.4
MSI,2023,AMD,mid,8,2.79,3.51,100,NVIDIA GTX,698,16,3600,SATA SSD,512,484.7260044706225,16.1,1920x1080,2.05,6000,69,250,206.8
Apple,2020,AMD,mid,4,2.62,3.17,100,Integrated,155,16,3200,NVMe SSD,256,2149.309271641336,18.1,1920x1080,2.05,6000,31,250,78.6
Razer,2025,Intel,low,4,2.54,2.93,100,NVIDIA RTX,1538,8,2666,NVMe SSD,1024,2291.018628518844,14.8,1920x1080,1.74,4500,49,250,551.0
Acer,2023,Intel,low,4,2.07,2.45,100,AMD Radeon,340,8,2666,NVMe SSD,256,2954.63765201935,15.3,3840x2160,1.93,8000,48,250,183.9
MSI,2025,Intel,low,2,1.79,2.04,100,NVIDIA RTX,1776,4,3000,NVMe SSD,256,3033.5619012219586,16.9,2560x1440,2.48,6000,47,399,674.0
Razer,2021,AMD,high,16,3.02,3.81,203,Integrated,72,64,2133,NVMe SSD,256,3143.440438193031,12.7,2560x1440,1.38,4500,48,250,149.4
Lenovo,2024,AMD,low,4,2.24,2.78,100,AMD Radeon,1251,4,4266,NVMe SSD,256,3792.8255184405825,14.7,1920x1080,1.9,4500,43,250,497.1
MSI,2022,AMD,mid,6,2.69,3.09,100,Integrated,103,16,3200,NVMe SSD,256,3423.607407327331,15.6,1920x1080,1.8,4500,22,250,152.7
Lenovo,2019,Apple,low,4,2.15,2.78,100,NVIDIA GTX,403,8,3000,NVMe SSD,512,3011.8562842671627,15.1,1920x1080,1.9,8000,42,250,240.5
Asus,2022,Intel,high,8,3.09,3.85,131,Integrated,53,16,3000,SATA SSD,256,441.42346743075245,15.8,1920x1080,2.24,4500,35,250,10.0
Razer,2020,AMD,mid,4,2.43,3.37,100,NVIDIA RTX,1241,8,3000,SATA SSD,128,454.9017435413931,15.7,1920x1080,2.03,4500,63,250,438.3
HP,2023,AMD,high,8,3.54,4.6,100,Integrated,20,16,2666,NVMe SSD,512,3318.499274200935,13.2,1920x1080,1.83,3500,51,250,82.3
Asus,2018,AMD,mid,6,3.49,4.34,100,Integrated,31,16,3600,SATA SSD,256,452.4604712538817,14.2,1920x1080,1.82,3500,19,250,87.4
Lenovo,2025,AMD,mid,4,2.88,3.43,100,Integrated,159,16,3200,SATA SSD,256,519.746152837161,16.5,1920x1080,2.12,4500,31,250,116.6
Lenovo,2019,AMD,low,4,2.55,3.01,100,NVIDIA GTX,488,8,2400,SATA SSD,1024,453.9449591465105,15.5,2560x1440,1.74,4500,45,250,149.5
Acer,2023,AMD,high,8,3.34,4.23,100,NVIDIA GTX,713,32,3600,NVMe SSD,512,3037.7072550111884,15.4,1920x1080,2.18,3500,79,250,401.9
Acer,2018,AMD,low,2,2.4,3.08,100,Integrated,99,4,3200,NVMe SSD,1024,3510.3583865847118,14.1,1366x768,2.28,4500,2,250,73.4
MSI,2025,Apple,low,4,1.98,2.48,100,NVIDIA RTX,1459,8,3200,SATA SSD,1024,492.53460112291674,17.3,3840x2160,2.38,6000,41,250,569.1
HP,2018,Apple,low,2,2.34,2.69,100,AMD Radeon,489,8,3200,SATA SSD,256,481.05997562080853,16.1,2560x1440,1.62,4500,35,250,259.9
HP,2025,AMD,mid,6,2.95,3.78,100,Integrated,108,16,3000,HDD,1024,133.60953977132078,15.6,3840x2160,1.42,4500,31,250,165.4
Dell,2020,Intel,mid,6,2.51,3.27,100,NVIDIA RTX,1220,16,3200,NVMe SSD,512,2315.2693395174306,16.8,3840x2160,1.98,3500,63,250,516.6
HP,2019,AMD,low,4,2.37,2.62,100,Integrated,78,8,2133,SATA SSD,512,514.1306890266761,13.4,1920x1080,1.58,3500,19,250,95.6
HP,2017,Intel,mid,6,2.58,3.13,100,Integrated,20,16,3600,NVMe SSD,256,3627.4477059977417,16.8,1920x1080,2.58,4500,33,321,33.0
Asus,2021,Intel,high,8,2.95,4.15,100,Integrated,90,32,2666,HDD,256,122.25111334343312,14.5,2560x1440,1.66,4500,42,250,117.6
MSI,2024,Intel,high,6,2.69,3.62,100,AMD Radeon,570,32,3000,SATA SSD,1024,434.34459943797697,16.0,1920x1080,2.02,6000,80,250,287.8
MSI,2020,AMD,mid,8,2.8,3.71,100,NVIDIA RTX,904,16,3200,SATA SSD,512,550.474385374247,15.3,2560x1440,1.76,6000,64,250,412.1
Razer,2022,Apple,high,12,2.73,4.05,141,NVIDIA GTX,663,64,3600,NVMe SSD,256,3522.480171682234,13.8,1920x1080,1.97,6000,69,258,432.9
HP,2018,Intel,high,8,2.91,4.06,100,NVIDIA GTX,513,32,3000,SATA SSD,128,393.38029358926605,15.8,1920x1080,2.08,4500,84,250,292.8
Dell,2025,Intel,mid,8,3.09,3.82,100,AMD Radeon,898,8,2666,SATA SSD,512,507.2711774192353,13.1,1920x1080,1.64,4500,61,250,345.8
Asus,2021,AMD,low,4,2.34,2.72,100,NVIDIA GTX,394,8,3200,NVMe SSD,512,3168.3639753892894,14.9,1920x1080,1.68,8000,47,250,179.4
Apple,2020,Intel,mid,6,2.83,3.76,100,NVIDIA RTX,708,16,3000,NVMe SSD,256,2985.494874137975,15.4,1920x1080,1.86,8000,56,250,242.3
MSI,2021,AMD,low,4,2.62,2.89,100,NVIDIA RTX,1095,8,2666,NVMe SSD,256,3592.0935587048652,12.6,1920x1080,1.61,4500,39,250,418.3
MSI,2024,AMD,high,8,2.64,3.56,137,Integrated,99,32,3200,NVMe SSD,128,2831.7480653877883,14.3,1920x1080,1.86,3500,34,250,116.3
Asus,2023,AMD,mid,4,2.77,3.67,100,NVIDIA GTX,603,8,3200,SATA SSD,1024,512.1955538278194,16.4,2560x1440,2.31,4500,61,250,216.7
Dell,2025,Intel,low,2,1.87,2.25,100,AMD Radeon,525,8,2666,HDD,128,132.82100814628154,14.8,1366x768,1.43,4500,55,250,362.6
Dell,2018,Apple,low,4,2.34,2.84,100,Integrated,25,8,3000,NVMe SSD,512,3141.584088687074,14.6,1920x1080,1.47,6000,14,250,107.9
Razer,2023,Intel,high,8,2.43,3.63,100,Integrated,53,32,3000,SATA SSD,256,507.1211972955177,16.4,1920x1080,2.12,6000,38,250,90.5
Lenovo,2018,Intel,mid,4,2.54,3.37,100,AMD Radeon,477,8,4266,HDD,512,121.59158664787202,14.1,1366x768,1.88,3500,60,250,175.7
MSI,2025,Intel,mid,4,2.4,3.29,100,Integrated,179,16,4266,SATA SSD,128,511.7608492327983,15.1,1920x1080,1.76,3500,29,250,136.9
Lenovo,2019,AMD,mid,8,3.1,3.63,100,NVIDIA RTX,765,16,2400,NVMe SSD,1024,3465.06583135043,16.2,1920x1080,1.92,6000,67,250,328.9
Lenovo,2018,Intel,mid,6,2.91,3.53,100,NVIDIA GTX,312,8,2666,NVMe SSD,512,2871.204803379018,13.6,1920x1080,2.17,8000,52,250,164.5
Acer,2022,Intel,high,12,2.78,3.43,100,Integrated,181,16,2400,NVMe SSD,128,3004.0151038582762,15.8,2560x1440,2.04,4500,43,250,52.7
HP,2020,Intel,mid,6,2.73,3.18,100,NVIDIA GTX,529,16,3000,NVMe SSD,512,2183.2012096628087,13.8,2560x1440,2.11,6000,52,250,217.7
Apple,2018,Intel,mid,4,2.68,3.09,100,NVIDIA GTX,350,16,3600,SATA SSD,256,506.32318962283017,16.7,1920x1080,2.43,4500,60,250,219.2
Acer,2025,AMD,low,2,1.86,2.25,100,NVIDIA GTX,680,8,3200,NVMe SSD,256,3339.1505763577106,14.6,1920x1080,1.9,8000,33,250,299.8
Dell,2022,Intel,high,8,2.78,4.24,100,NVIDIA RTX,1248,16,3000,NVMe SSD,256,3694.869568632277,16.3,1920x1080,2.4,6000,84,250,481.2
Asus,2024,AMD,mid,8,2.13,3.06,100,Integrated,41,16,3600,SATA SSD,512,511.0911697066478,16.4,2560x1440,2.05,8000,35,250,90.3
Razer,2024,AMD,mid,6,2.67,3.46,100,AMD Radeon,781,16,3000,NVMe SSD,256,2902.9303189644493,16.1,3840x2160,1.54,4500,63,250,345.9
Acer,2020,AMD,low,4,2.5,2.75,100,NVIDIA RTX,1151,8,2400,NVMe SSD,512,3683.7128617983262,15.6,1920x1080,2.16,3500,71,250,473.4
Apple,2019,Intel,low,4,1.93,2.4,100,AMD Radeon,644,4,2400,NVMe SSD,512,3909.2174141716314,14.5,1920x1080,2.37,4500,55,250,243.5
Razer,2019,Apple,low,4,1.73,2.11,100,NVIDIA GTX,379,8,3200,SATA SSD,256,577.4686072885775,18.0,1920x1080,2.15,6000,56,250,153.6
MSI,2022,AMD,mid,6,2.36,2.99,100,Integrated,29,16,4266,NVMe SSD,256,2530.8813385620365,15.4,1920x1080,1.99,6000,36,250,135.5
Apple,2025,Intel,high,6,2.97,4.19,136,Integrated,79,64,3000,HDD,256,135.3265251853506,13.5,1920x1080,1.46,3500,52,250,106.7
Dell,2023,AMD,low,2,2.14,2.52,100,Integrated,79,8,2666,HDD,1024,126.97823536945381,15.1,1920x1080,1.87,3500,5,250,125.2
Apple,2022,AMD,low,4,2.12,2.65,100,Integrated,20,8,3600,HDD,512,94.28845757714845,14.8,1920x1080,1.87,6000,10,250,103.5
Acer,2020,Intel,high,12,3.22,4.04,130,NVIDIA RTX,862,32,3000,SATA SSD,1024,547.4794387474558,16.4,1920x1080,1.81,4500,83,250,333.1
Apple,2024,Intel,high,12,2.87,4.44,152,Integrated,20,32,3200,NVMe SSD,1024,2520.887092553809,14.7,1920x1080,2.0,4500,45,250,128.0
Asus,2023,Intel,low,4,2.6,2.81,100,NVIDIA GTX,541,4,3200,NVMe SSD,1024,3099.396003079607,14.9,2560x1440,1.8,6000,37,250,291.1
Asus,2024,Intel,mid,6,2.54,3.47,100,Integrated,106,16,3200,SATA SSD,128,487.14458821477433,16.5,1920x1080,1.81,8000,31,250,141.3
Lenovo,2022,AMD,low,4,2.67,2.9,100,NVIDIA RTX,1268,8,3000,NVMe SSD,256,2695.0395714702036,15.9,1920x1080,1.98,6000,56,250,520.5
Razer,2022,Intel,low,2,2.29,2.91,100,Integrated,20,8,2666,SATA SSD,256,570.3300293687164,14.8,1920x1080,1.68,6000,22,250,54.2
Asus,2025,Intel,low,2,2.33,2.81,100,Integrated,20,8,3200,SATA SSD,512,547.7918282840513,16.1,1920x1080,1.93,6000,10,250,96.6
Dell,2019,Intel,mid,8,2.78,3.72,100,NVIDIA GTX,512,16,4266,NVMe SSD,512,1722.8625677744326,14.3,1920x1080,2.28,6000,58,250,237.9
Razer,2021,AMD,low,4,1.97,2.49,100,AMD Radeon,454,8,3000,NVMe SSD,256,3690.034362404357,15.6,1920x1080,1.95,6000,38,250,276.6
Dell,2024,Intel,low,2,2.55,3.05,100,NVIDIA RTX,1312,4,2133,SATA SSD,128,548.9878725979189,16.4,1366x768,1.67,4500,61,250,483.1
Apple,2019,Intel,mid,6,3.02,3.91,100,NVIDIA GTX,479,16,3000,NVMe SSD,128,3371.0015811530548,17.3,2560x1440,2.28,3500,62,250,246.1
Lenovo,2023,AMD,low,4,2.51,2.86,100,NVIDIA GTX,628,4,2666,SATA SSD,512,567.0721068660566,17.2,1920x1080,2.12,6000,41,250,261.6
Lenovo,2017,Intel,low,2,2.27,2.56,100,NVIDIA RTX,772,4,3000,SATA SSD,2048,458.58364728137457,15.4,2560x1440,2.04,4500,45,250,294.7
Lenovo,2025,AMD,low,4,2.42,2.7,100,Integrated,66,8,4266,NVMe SSD,256,3508.1122016313916,14.7,1920x1080,1.8,4500,10,250,136.9
Asus,2024,AMD,high,12,2.64,3.83,181,Integrated,110,16,2400,NVMe SSD,128,3552.2081767231302,12.9,3840x2160,1.62,6000,48,250,79.7
HP,2025,AMD,mid,4,2.74,3.16,100,NVIDIA GTX,741,16,3600,NVMe SSD,512,2979.303274908198,15.4,1920x1080,1.96,3500,48,250,290.7
MSI,2024,Intel,mid,6,2.73,3.29,100,NVIDIA GTX,801,16,2666,NVMe SSD,1024,2972.9620883342864,16.4,2560x1440,1.82,4500,66,250,347.3
Apple,2016,Intel,mid,6,2.79,3.75,100,AMD Radeon,337,8,3200,NVMe SSD,128,2949.4137763182666,14.0,2560x1440,1.73,3500,67,250,109.3
Dell,2020,AMD,mid,8,2.75,3.61,100,Integrated,68,16,2666,HDD,512,176.41630769446067,13.5,1920x1080,1.72,3500,30,250,54.2
HP,2022,AMD,low,4,1.86,2.37,100,Integrated,56,4,3200,NVMe SSD,256,3590.3388584256422,15.3,2560x1440,1.95,4500,26,250,122.9
Acer,2020,AMD,mid,4,2.56,3.16,100,AMD Radeon,525,16,3200,NVMe SSD,2048,2706.589295115717,15.4,1920x1080,1.65,3500,61,250,268.5
Apple,2023,AMD,mid,8,3.04,3.6,100,Integrated,107,16,4800,HDD,256,119.88271283255301,15.8,1920x1080,2.05,3500,26,250,100.5
Razer,2019,AMD,mid,4,2.92,3.7,100,Integrated,47,16,3600,NVMe SSD,1024,3599.6591128654677,14.1,1920x1080,2.32,4500,21,250,33.4
MSI,2023,Intel,low,2,1.99,2.62,100,NVIDIA RTX,1855,4,3200,NVMe SSD,256,3607.260484687602,15.2,1366x768,1.57,6000,55,250,690.5
Lenovo,2023,AMD,high,16,2.71,4.05,222,NVIDIA RTX,1481,32,3600,NVMe SSD,128,2630.796103131676,16.9,2560x1440,2.34,4500,85,250,675.8
Asus,2020,AMD,mid,6,2.67,3.51,100,Integrated,100,16,3000,NVMe SSD,256,2765.9590074071357,15.7,1920x1080,1.91,6000,34,250,121.4
Lenovo,2018,AMD,mid,4,2.28,2.97,100,NVIDIA GTX,413,16,3200,SATA SSD,2048,551.6792971753191,14.9,1920x1080,1.52,3500,64,250,170.6
HP,2016,AMD,mid,8,2.88,3.51,100,Integrated,28,16,3600,NVMe SSD,1024,2692.1144746169784,15.4,1920x1080,1.96,4500,25,250,99.9
Razer,2024,AMD,mid,6,3.4,3.91,100,Integrated,131,8,3000,SATA SSD,128,501.99469887994604,13.6,1920x1080,1.54,4500,30,250,134.9
Asus,2023,AMD,mid,6,2.97,3.66,100,AMD Radeon,755,8,2666,NVMe SSD,512,3813.6676378088882,15.7,1920x1080,2.16,6000,60,250,298.3
Apple,2023,Intel,low,2,2.49,3.03,100,NVIDIA GTX,660,4,2666,NVMe SSD,256,2419.5397773482564,14.9,1920x1080,1.98,6000,29,250,280.2
Lenovo,2024,Intel,low,4,1.99,2.55,100,NVIDIA RTX,1965,8,3200,NVMe SSD,512,4283.744197709049,16.0,2560x1440,1.76,6000,57,250,680.3
Razer,2022,Intel,mid,8,2.49,2.94,100,NVIDIA RTX,1612,16,3200,SATA SSD,512,582.6306002256806,16.0,3840x2160,1.82,6000,73,325,593.2
HP,2024,AMD,high,8,2.68,3.35,116,Integrated,67,16,2666,NVMe SSD,256,3690.0387235358958,14.4,1366x768,1.77,3500,47,250,66.5
MSI,2022,Apple,mid,6,2.84,3.59,100,Integrated,28,8,3000,HDD,128,161.5633232655404,13.6,1920x1080,1.57,4500,16,250,104.0
Asus,2023,Apple,mid,6,2.88,3.43,100,Integrated,39,16,3000,SATA SSD,256,469.3032264883474,13.5,1920x1080,1.76,3500,41,250,79.6
Lenovo,2023,AMD,mid,6,3.11,3.88,100,NVIDIA GTX,529,8,4266,HDD,256,111.63598751065561,15.1,1920x1080,1.79,6000,68,250,258.9
MSI,2025,Intel,low,4,2.31,2.6,100,Integrated,101,8,4266,SATA SSD,256,515.0827502204685,14.9,1920x1080,2.02,4500,-3,250,136.3
Asus,2023,Intel,mid,4,2.7,3.32,100,NVIDIA RTX,1139,16,3000,NVMe SSD,256,1793.387770994398,14.7,3840x2160,1.98,4500,67,250,462.4
Asus,2024,AMD,low,4,2.44,2.71,100,Integrated,145,8,2666,SATA SSD,1024,499.1994720310781,16.2,1920x1080,1.52,4500,6,250,121.6
Apple,2021,Apple,high,12,2.83,3.63,154,NVIDIA RTX,995,32,3000,SATA SSD,128,448.8660747426541,14.1,1920x1080,1.59,4500,84,250,430.7
Dell,2019,AMD,high,8,2.58,3.64,100,NVIDIA GTX,569,16,2400,SATA SSD,2048,464.12862007524757,15.1,1366x768,2.3,6000,74,250,239.3
Asus,2018,AMD,high,8,3.07,3.73,100,NVIDIA GTX,510,64,3200,SATA SSD,512,429.9278133790011,15.7,1920x1080,2.15,8000,70,250,346.0
Dell,2017,Intel,mid,4,2.88,3.83,100,AMD Radeon,489,16,3600,NVMe SSD,128,3657.3369978404244,16.1,1920x1080,2.05,4500,65,250,268.3
Acer,2025,Intel,low,4,2.61,3.18,100,NVIDIA GTX,696,8,2400,NVMe SSD,256,2605.568030049536,15.6,1920x1080,2.15,4500,47,250,239.8
Lenovo,2025,Intel,mid,8,3.02,3.87,100,NVIDIA RTX,2029,16,2400,SATA SSD,256,505.82094301300083,16.5,1920x1080,2.5,6000,74,250,750.2
Acer,2024,AMD,low,2,2.58,2.89,100,NVIDIA RTX,1391,8,3000,SATA SSD,512,555.0595352088892,16.9,2560x1440,2.19,6000,50,250,524.9
Razer,2022,Apple,mid,8,2.48,3.16,100,NVIDIA GTX,659,16,3600,SATA SSD,512,437.9713215376792,14.3,1920x1080,1.96,6000,66,250,240.6
Asus,2021,AMD,mid,6,2.57,3.26,100,NVIDIA GTX,285,16,3200,NVMe SSD,512,3162.3470465302166,13.9,1920x1080,1.34,4500,54,250,173.4
Dell,2017,Intel,mid,6,3.46,3.99,100,Integrated,98,16,3200,SATA SSD,128,576.3960055870348,13.9,1920x1080,1.56,3500,42,250,82.6
Apple,2022,AMD,mid,6,2.96,3.44,100,Integrated,46,16,3600,HDD,512,117.49057688839628,14.0,1920x1080,1.97,6000,33,250,84.2
HP,2019,AMD,mid,8,2.71,3.47,100,AMD Radeon,673,8,3600,SATA SSD,1024,458.55464873626767,14.8,1920x1080,1.62,4500,46,250,310.4
Lenovo,2024,AMD,low,4,2.07,2.66,100,AMD Radeon,906,8,3200,SATA SSD,512,577.7432069007169,15.1,1920x1080,1.66,4500,50,250,362.1
Asus,2024,Intel,mid,6,2.48,2.96,100,NVIDIA RTX,1293,16,3200,HDD,512,119.5634956187089,16.1,1920x1080,2.21,6000,66,250,568.1
Asus,2021,Intel,high,12,3.73,4.7,235,NVIDIA GTX,595,32,2666,SATA SSD,256,454.46787786169443,15.8,1920x1080,2.05,4500,101,250,347.3
Asus,2022,Apple,low,4,2.05,2.63,100,Integrated,57,8,4800,NVMe SSD,256,2454.562870783211,18.4,1920x1080,2.2,4500,1,250,122.9
Dell,2024,AMD,low,4,2.12,2.56,100,Integrated,20,8,3600,SATA SSD,2048,510.50883457600867,15.2,2560x1440,1.88,4500,17,250,55.7
Lenovo,2021,Intel,low,4,2.37,2.95,100,AMD Radeon,680,8,4266,SATA SSD,256,541.8394822675408,14.8,1920x1080,1.6,8000,44,250,328.7
Asus,2025,AMD,low,4,2.55,3.14,100,Integrated,65,8,3200,HDD,256,151.36240157708048,16.1,1920x1080,2.34,3500,21,250,65.1
Apple,2024,AMD,low,2,1.9,2.6,100,NVIDIA GTX,385,8,3600,NVMe SSD,128,3250.163309603551,15.4,1366x768,2.29,8000,55,250,145.8
Asus,2018,AMD,mid,4,2.59,3.36,100,NVIDIA GTX,371,16,4266,SATA SSD,256,441.7650371254986,14.8,1920x1080,1.81,8000,57,250,163.3
MSI,2020,Intel,mid,6,3.17,3.99,100,NVIDIA RTX,1194,16,4266,NVMe SSD,1024,3406.692694576132,17.6,1366x768,1.79,6000,66,250,469.4
Acer,2019,AMD,mid,6,2.78,3.35,100,NVIDIA GTX,406,16,3000,NVMe SSD,512,2963.6683688798485,16.6,1920x1080,1.91,3500,64,250,181.6
Acer,2024,Intel,low,4,2.4,2.65,100,Integrated,104,8,3200,SATA SSD,1024,558.8786587696144,15.1,2560x1440,2.14,3500,22,250,81.8
Lenovo,2022,Intel,high,16,2.9,4.32,197,Integrated,44,16,2133,SATA SSD,1024,463.665339207565,16.8,1920x1080,2.05,8000,46,250,162.8
Apple,2020,AMD,mid,6,2.11,2.85,100,NVIDIA RTX,970,16,3600,SATA SSD,1024,513.5535921075018,16.0,1920x1080,1.84,3500,62,347,367.3
MSI,2025,Apple,low,4,2.76,2.99,100,Integrated,91,8,3000,NVMe SSD,128,2541.3074824967443,16.9,1920x1080,2.35,6000,23,250,145.4
HP,2018,AMD,mid,6,2.75,3.36,100,NVIDIA RTX,551,16,2666,NVMe SSD,256,3008.448492613061,15.7,1920x1080,1.79,4500,66,250,240.8
MSI,2025,AMD,mid,6,2.65,3.63,100,NVIDIA RTX,1744,16,4266,NVMe SSD,512,2659.933675562789,15.9,1920x1080,2.26,3500,68,426,661.7
MSI,2019,Intel,low,4,2.21,2.5,100,AMD Radeon,492,8,3000,SATA SSD,256,403.5218759644141,14.4,1920x1080,1.74,3500,46,250,214.4
HP,2024,Intel,low,4,1.99,2.58,100,NVIDIA GTX,570,8,2666,NVMe SSD,512,4144.918682250738,15.0,1920x1080,2.07,8000,57,250,224.1
Razer,2021,Intel,low,4,2.85,3.48,100,Integrated,35,4,3000,SATA SSD,512,506.0589925562492,15.1,2560x1440,2.33,4500,25,250,64.8
Lenovo,2020,Intel,mid,6,3.27,4.09,103,NVIDIA GTX,394,8,3200,NVMe SSD,1024,3107.5362049679184,14.9,2560x1440,2.16,6000,58,250,112.2
Lenovo,2022,Intel,low,2,2.08,2.69,100,AMD Radeon,134,8,3200,HDD,256,108.80533624529475,15.0,1920x1080,2.25,4500,40,250,35.3
Lenovo,2023,AMD,high,6,2.49,3.97,100,Integrated,70,16,3200,SATA SSD,256,486.8960391595407,13.9,1920x1080,1.46,3500,42,250,174.1
Dell,2022,Apple,high,12,3.29,4.84,152,Integrated,146,16,3600,NVMe SSD,256,2653.001938430725,15.2,1920x1080,1.81,3500,43,250,154.4
Lenovo,2025,AMD,low,4,2.51,2.74,100,NVIDIA RTX,1271,8,3000,NVMe SSD,256,2655.4319479177984,16.0,1920x1080,1.94,4500,65,250,464.7
Dell,2025,Intel,mid,6,3.0,3.99,100,NVIDIA GTX,694,8,3200,SATA SSD,256,509.0287312509099,15.8,2560x1440,1.74,4500,67,353,349.1
Asus,2019,Apple,low,2,1.97,2.18,100,NVIDIA GTX,447,4,3200,SATA SSD,128,504.0998245153913,15.8,3840x2160,2.02,6000,58,250,193.5
Asus,2018,Intel,low,4,2.09,2.36,100,Integrated,29,8,2666,SATA SSD,512,392.03499543767236,15.8,2560x1440,2.06,3500,23,250,109.2
Apple,2016,Intel,low,4,2.29,2.76,100,AMD Radeon,315,8,3000,NVMe SSD,512,2565.270405279598,13.0,1920x1080,1.51,6000,50,250,219.8
Dell,2019,AMD,low,4,2.44,2.91,100,NVIDIA GTX,439,4,3000,SATA SSD,128,464.84691019958973,16.4,1920x1080,1.44,6000,40,250,242.5
Dell,2022,Intel,high,8,2.71,3.53,114,Integrated,190,16,2666,NVMe SSD,512,4498.829166490381,14.6,1920x1080,1.79,3500,50,250,206.0
Apple,2021,AMD,high,6,3.72,4.47,100,Integrated,35,32,2666,HDD,1024,122.10891257417667,15.0,1920x1080,1.84,4500,43,250,116.7
MSI,2019,AMD,low,4,2.61,3.2,100,NVIDIA GTX,422,8,3200,NVMe SSD,2048,2538.6144065464414,15.0,1920x1080,2.01,4500,52,250,164.4
Apple,2024,AMD,low,4,2.21,2.79,100,AMD Radeon,776,8,3200,HDD,2048,119.50513241552238,17.6,1920x1080,2.07,6000,46,250,342.1
HP,2020,Intel,high,8,3.24,4.02,100,NVIDIA GTX,411,16,3200,NVMe SSD,256,3951.1587585242287,14.0,1920x1080,1.4,4500,86,250,224.7
HP,2021,Intel,low,4,2.07,2.59,100,AMD Radeon,922,4,3600,NVMe SSD,1024,2744.2574169650643,15.1,1920x1080,1.98,6000,45,250,403.5
Razer,2018,Intel,mid,4,2.61,3.48,100,Integrated,59,8,4800,SATA SSD,256,417.4083763596866,13.9,1920x1080,1.86,8000,28,250,61.2
Asus,2023,AMD,high,8,2.81,3.84,100,Integrated,133,32,2133,SATA SSD,256,532.7916928058139,16.2,1920x1080,1.67,6000,55,250,126.8
Asus,2020,AMD,mid,6,2.6,3.04,100,NVIDIA GTX,496,8,3000,SATA SSD,512,527.7685751337774,13.2,1920x1080,1.6,4500,46,250,236.9
Dell,2021,AMD,mid,8,2.58,3.36,100,NVIDIA GTX,472,16,2666,NVMe SSD,256,2429.074754063627,13.3,1920x1080,1.4,4500,48,250,300.5
HP,2016,AMD,high,8,2.91,4.14,100,Integrated,58,32,2666,NVMe SSD,1024,3295.6509492132823,14.6,2560x1440,1.18,6000,48,250,122.6
MSI,2022,Intel,low,4,2.23,2.43,100,Integrated,30,8,2666,NVMe SSD,1024,2557.2813022504556,15.9,1920x1080,2.36,4500,20,250,102.9
HP,2020,AMD,low,2,2.27,2.75,100,NVIDIA GTX,467,8,2400,NVMe SSD,256,3218.417505056501,14.0,1920x1080,1.87,6000,56,250,190.1
Asus,2020,Intel,mid,6,2.71,3.5,100,Integrated,20,16,4266,NVMe SSD,512,2562.9274064311344,16.6,1366x768,1.99,3500,33,250,139.0
Dell,2025,AMD,mid,4,1.9,2.39,100,NVIDIA RTX,1290,16,2666,NVMe SSD,128,3280.9970720550564,15.9,1920x1080,1.69,8000,56,250,596.7
MSI,2023,Intel,low,4,2.08,2.54,100,Integrated,79,8,2666,SATA SSD,1024,554.4604375961175,15.7,3840x2160,1.77,4500,11,250,85.2
HP,2018,Apple,mid,6,2.7,3.48,100,Integrated,33,8,3200,SATA SSD,1024,534.5386025290252,17.3,1920x1080,1.96,6000,9,250,92.0
Lenovo,2023,Apple,mid,6,2.6,3.37,100,Integrated,136,16,2133,NVMe SSD,512,2885.3378931995694,17.8,1920x1080,1.86,4500,30,250,102.5
Acer,2016,Apple,mid,4,2.79,3.4,100,Integrated,20,8,2400,NVMe SSD,128,2613.161534580216,18.0,1920x1080,1.96,8000,30,250,79.6
Acer,2020,Intel,mid,8,2.46,3.43,100,AMD Radeon,529,16,2400,SATA SSD,512,516.4673989660183,16.3,1920x1080,2.02,4500,64,250,247.0
HP,2017,Intel,high,8,2.83,3.44,100,Integrated,65,32,2400,SATA SSD,256,508.6997875279381,15.8,2560x1440,1.72,4500,43,250,109.0
MSI,2017,Intel,low,4,2.13,2.67,100,AMD Radeon,275,8,3000,SATA SSD,256,541.2786137138438,17.3,1366x768,2.21,6000,52,250,127.8
HP,2017,Intel,low,4,2.78,3.1,100,Integrated,41,4,3000,NVMe SSD,256,3148.4723751095325,16.6,1920x1080,2.49,4500,20,250,68.6
Lenovo,2019,Apple,mid,6,2.91,3.41,100,AMD Radeon,534,16,3600,NVMe SSD,128,2450.820781523115,17.5,2560x1440,1.88,3500,65,250,296.5
Acer,2019,AMD,mid,6,2.39,2.85,100,Integrated,22,16,3600,SATA SSD,256,436.2637863615177,14.7,2560x1440,2.11,4500,38,250,96.1
MSI,2019,Apple,low,4,2.13,2.51,100,Integrated,37,8,3200,SATA SSD,256,486.42017008026625,16.2,1366x768,1.67,3500,13,250,153.1
HP,2023,AMD,mid,6,2.79,3.66,100,AMD Radeon,717,16,3200,SATA SSD,2048,552.5266459343435,14.8,2560x1440,2.43,3500,58,250,316.9
Asus,2025,AMD,high,8,2.3,3.33,100,Integrated,41,16,3600,SATA SSD,512,501.9162701096115,17.0,1920x1080,2.54,6000,36,250,60.9
Apple,2024,AMD,low,2,1.87,2.24,100,AMD Radeon,771,8,3600,SATA SSD,512,433.9266391709495,14.9,2560x1440,1.55,6000,54,261,341.9
Dell,2020,AMD,mid,6,2.67,3.37,100,Integrated,118,8,3000,NVMe SSD,256,2070.5256376729067,15.0,1920x1080,1.71,3500,36,250,73.8
HP,2025,Intel,mid,6,2.67,3.22,100,NVIDIA RTX,1739,8,3000,NVMe SSD,512,2568.1056440985462,15.6,1920x1080,1.33,6000,58,250,658.9
HP,2025,AMD,high,6,2.55,4.0,100,NVIDIA GTX,736,32,3000,SATA SSD,512,617.6917492491168,15.2,1920x1080,1.7,4500,81,250,368.1
Acer,2020,Intel,mid,6,3.02,3.78,100,Integrated,44,16,2400,NVMe SSD,128,4011.6162371131027,16.1,1920x1080,2.24,3500,43,250,119.3
MSI,2018,AMD,low,2,2.29,2.78,100,NVIDIA RTX,901,8,3200,NVMe SSD,256,3082.158102311509,17.6,1920x1080,1.97,6000,42,250,382.4
MSI,2024,Intel,high,12,2.75,4.01,188,Integrated,114,16,3000,SATA SSD,128,478.07305951249623,15.1,1920x1080,1.77,4500,36,250,94.9
Apple,2023,AMD,mid,4,2.99,3.6,100,Integrated,86,8,2133,NVMe SSD,512,3088.73460277975,17.0,1920x1080,2.01,4500,20,250,105.4
Apple,2022,AMD,mid,8,2.63,3.1,100,Integrated,34,16,3200,HDD,128,126.33898457728823,16.0,1920x1080,2.45,3500,31,250,89.4
Dell,2017,AMD,mid,6,2.38,3.23,100,AMD Radeon,551,8,3200,SATA SSD,256,368.2914863258285,16.7,1920x1080,1.82,4500,75,250,189.1
HP,2024,AMD,mid,4,3.17,4.04,100,AMD Radeon,731,16,3200,NVMe SSD,256,2959.081663193845,15.3,1920x1080,1.67,6000,66,250,333.9
Acer,2021,AMD,mid,8,2.65,3.23,100,NVIDIA RTX,683,16,2133,SATA SSD,1024,517.8895534494247,15.5,1920x1080,1.29,3500,78,303,323.3
MSI,2024,AMD,low,4,2.27,2.56,100,Integrated,126,8,3000,NVMe SSD,512,2905.1283345511447,15.8,1920x1080,2.06,4500,8,250,121.9
HP,2020,Intel,high,8,2.67,3.82,100,Integrated,74,16,2133,NVMe SSD,512,2512.171461804733,16.4,1920x1080,2.07,4500,46,250,69.8
Acer,2018,AMD,low,4,2.17,2.49,100,NVIDIA GTX,424,8,4800,SATA SSD,256,417.0440021660256,15.2,1920x1080,2.17,6000,45,250,234.6
Asus,2018,Apple,high,8,2.51,3.86,100,NVIDIA RTX,645,16,3000,NVMe SSD,256,3259.3416535344422,16.3,1920x1080,1.69,8000,56,250,315.8
HP,2025,Intel,mid,8,2.49,3.18,100,Integrated,49,16,2666,NVMe SSD,256,3437.3842583428595,15.3,1920x1080,2.15,3500,23,250,69.9
Apple,2019,Apple,mid,6,2.72,3.57,100,NVIDIA GTX,621,16,3000,NVMe SSD,512,3772.0133718203138,16.1,1920x1080,1.99,3500,56,250,287.5
Apple,2024,AMD,mid,6,2.4,2.85,100,Integrated,47,8,3000,NVMe SSD,256,3117.129348013123,16.8,2560x1440,1.86,3500,17,250,64.2
Razer,2022,AMD,low,4,2.47,3.15,100,AMD Radeon,594,8,2400,NVMe SSD,512,2888.106157553926,12.9,3840x2160,2.32,3500,60,250,307.1
HP,2024,AMD,mid,6,2.52,3.22,100,NVIDIA RTX,1277,8,4800,NVMe SSD,256,2852.5754853390818,15.4,1920x1080,2.08,4500,51,250,504.4
Apple,2025,AMD,high,8,2.41,3.3,100,Integrated,129,32,2400,SATA SSD,256,482.06620284802733,16.2,1920x1080,2.2,3500,43,250,120.2
Dell,2019,Intel,mid,6,2.3,3.25,100,Integrated,20,16,2133,NVMe SSD,512,3626.566459503316,14.7,1920x1080,1.84,4500,30,250,102.6
MSI,2023,AMD,low,4,2.2,2.49,100,NVIDIA GTX,646,4,3200,NVMe SSD,2048,2942.580173349361,14.8,3840x2160,1.78,4500,43,250,374.3
HP,2018,AMD,mid,4,2.67,3.38,100,AMD Radeon,556,8,3200,HDD,128,95.28721179398974,17.7,1920x1080,2.81,3500,55,250,212.2
Asus,2020,Apple,mid,6,2.59,3.44,100,NVIDIA RTX,904,16,2666,SATA SSD,256,509.5165290634539,15.4,1366x768,1.96,4500,59,250,348.2
Acer,2020,AMD,high,6,2.89,3.93,106,AMD Radeon,644,32,3000,NVMe SSD,512,3114.5500044633673,17.2,3840x2160,1.59,4500,85,250,268.5
MSI,2021,AMD,mid,6,2.9,3.9,100,NVIDIA RTX,1457,16,4266,NVMe SSD,256,3070.728355862938,16.4,1920x1080,1.75,6000,67,250,568.7
Lenovo,2021,AMD,low,2,2.82,3.18,100,Integrated,101,4,3000,SATA SSD,256,498.6489781492927,15.1,1920x1080,2.09,6000,25,250,104.7
HP,2018,Intel,mid,6,2.97,3.72,100,Integrated,30,8,3000,NVMe SSD,512,2762.463381103892,15.8,1920x1080,1.86,8000,14,250,58.5
MSI,2019,AMD,mid,6,1.96,2.59,100,NVIDIA RTX,1381,16,3200,SATA SSD,512,420.5581739413401,14.6,1920x1080,1.92,6000,56,250,546.1
Lenovo,2024,AMD,high,12,2.4,3.07,103,NVIDIA GTX,713,16,3000,SATA SSD,512,511.1062079320255,13.1,2560x1440,1.75,4500,85,253,362.5
HP,2021,AMD,low,4,1.8,2.07,100,Integrated,114,4,2666,NVMe SSD,128,3123.0361432727896,15.3,1920x1080,1.57,8000,19,250,87.3
Acer,2016,AMD,mid,6,2.88,3.41,100,Integrated,62,8,3600,NVMe SSD,256,3181.673168855988,15.3,1920x1080,2.14,8000,26,250,163.4
Asus,2020,Intel,mid,6,2.73,3.33,100,NVIDIA RTX,562,16,3200,HDD,512,169.27965589029745,15.9,3840x2160,2.12,6000,70,250,312.0
HP,2017,Intel,high,8,2.78,3.53,100,Integrated,20,32,3000,SATA SSD,256,493.2914434577452,14.8,1920x1080,1.8,4500,52,250,55.6
Lenovo,2018,Intel,mid,6,2.48,3.38,100,Integrated,27,8,4266,NVMe SSD,2048,2640.473005940886,16.2,1920x1080,1.65,8000,14,250,57.7
Apple,2019,Intel,mid,6,3.0,3.42,100,Integrated,114,8,4266,HDD,512,172.76375081327654,16.2,1920x1080,2.03,4500,27,250,117.7
Apple,2023,Intel,low,2,2.46,3.11,100,NVIDIA GTX,705,8,3000,NVMe SSD,128,3550.37798446643,18.5,1920x1080,2.46,3500,73,310,351.2
HP,2020,AMD,mid,8,2.47,3.44,100,Integrated,54,16,3600,SATA SSD,128,573.3497299546954,16.5,1920x1080,1.78,3500,43,250,54.8
Asus,2018,Intel,low,4,2.01,2.26,100,AMD Radeon,696,4,2666,HDD,1024,102.81049251753748,15.0,2560x1440,2.22,6000,46,250,288.6
HP,2024,AMD,mid,4,3.34,4.3,100,Integrated,123,8,3200,NVMe SSD,2048,2676.3104869984736,17.2,1920x1080,2.23,4500,26,250,68.2
Razer,2022,Intel,low,4,1.93,2.2,100,NVIDIA GTX,735,8,4266,NVMe SSD,512,4039.982972477589,15.9,1920x1080,1.95,4500,47,250,314.5
Lenovo,2019,AMD,mid,6,2.77,3.58,100,Integrated,87,16,3600,NVMe SSD,128,2574.9505128646606,15.0,1920x1080,1.78,4500,28,250,133.6
Razer,2021,Intel,high,16,2.9,3.59,137,Integrated,146,16,2400,NVMe SSD,128,2609.017074015495,16.3,1920x1080,1.69,6000,43,250,148.9
Acer,2024,Intel,mid,4,2.58,3.42,100,AMD Radeon,1199,16,3200,NVMe SSD,256,2434.348648102079,13.8,1920x1080,1.0,3500,50,250,451.5
Lenovo,2018,Apple,mid,6,2.06,2.81,100,NVIDIA GTX,310,8,3600,SATA SSD,512,509.3112574443058,15.2,1920x1080,1.57,3500,71,250,127.0
Apple,2024,AMD,mid,6,2.81,3.43,100,NVIDIA GTX,618,16,3000,SATA SSD,128,480.9015239413316,15.1,1920x1080,1.66,6000,57,257,233.5
MSI,2024,AMD,mid,6,2.85,3.45,100,Integrated,89,16,2666,SATA SSD,2048,500.5456758585443,16.7,1920x1080,1.67,3500,39,250,106.2
Razer,2016,AMD,low,4,2.73,3.25,100,NVIDIA RTX,678,8,2133,NVMe SSD,256,2979.090963126204,15.1,1920x1080,2.17,3500,54,250,286.3
Apple,2020,Intel,low,4,2.19,2.55,100,NVIDIA RTX,741,4,3200,NVMe SSD,256,2868.000495583923,13.9,2560x1440,1.53,8000,57,250,244.1
HP,2020,AMD,mid,4,2.41,3.27,100,AMD Radeon,623,8,2400,NVMe SSD,1024,2904.94836832079,15.5,1920x1080,1.76,4500,75,329,164.2
Apple,2020,Intel,high,6,2.92,3.82,100,Integrated,111,64,3000,NVMe SSD,256,2843.603003566971,15.8,1920x1080,1.91,6000,36,250,230.4
Lenovo,2022,AMD,high,8,2.93,4.09,100,Integrated,60,16,3600,SATA SSD,512,500.55600418349945,16.6,1920x1080,1.86,4500,46,250,112.8
Apple,2024,Apple,low,4,2.17,2.44,100,NVIDIA GTX,789,8,3600,NVMe SSD,1024,3215.3944729701025,15.7,1920x1080,1.71,3500,42,250,406.8
Dell,2018,AMD,low,4,2.42,2.81,100,NVIDIA RTX,994,4,3000,NVMe SSD,128,1817.286739021364,15.6,2560x1440,1.66,4500,57,250,412.0
